{
  "items_order": [
    "I1",
    "I2",
    "I3",
    "I4",
    "I5",
    "I6",
    "I7",
    "I8"
  ],
  "loadings": {
    "I1": {
      "factor_0": 0.8073112130433641,
      "factor_1": -0.004410657359306222
    },
    "I2": {
      "factor_0": 0.8050100152763429,
      "factor_1": -0.008331298555960487
    },
    "I3": {
      "factor_0": 0.8241637163960799,
      "factor_1": -0.02144155267545675
    },
    "I4": {
      "factor_0": 0.7887351422444449,
      "factor_1": 0.03504194032707485
    },
    "I5": {
      "factor_0": -0.030120585813732968,
      "factor_1": 0.815818935570143
    },
    "I6": {
      "factor_0": 0.03577592748603773,
      "factor_1": 0.7668452554770937
    },
    "I7": {
      "factor_0": -0.029982371633125726,
      "factor_1": 0.8181584307914211
    },
    "I8": {
      "factor_0": 0.03037635208991064,
      "factor_1": 0.807921624844101
    }
  },
  "factor_correlation": 0.344314863532099
}