{
  "A": {
    "loadings_std": {
      "A1": 0.7948929638263561,
      "A2": 0.7517588232298006,
      "A3": 0.7740979610866493,
      "A4": 0.7675286118862217
    },
    "cfi": 0.9985706343725247,
    "rmsea": 0.03481657753502221,
    "k": 4
  },
  "B": {
    "loadings_std": {
      "B1": 0.7747343276281786,
      "B2": 0.7885262577477402,
      "B3": 0.7619110494657557,
      "B4": 0.7988885478370567
    },
    "cfi": 1.0009799385618845,
    "rmsea": 0.0,
    "k": 4
  }
}